-- DATA FOR STAFFPOSITION TABLE

INSERT INTO staffposition (1,Doctor),
INSERT INTO staffposition (2,Nurse),
INSERT INTO staffposition (3,Trainee)
;

-- DATA FOR EQUIPTYPE TABLE

INSERT INTO equiptype (1,Bed),
INSERT INTO equiptype (2,Trolley),
INSERT INTO equiptype (3,Monitor)
;

-- DATA FOR CHIP TABLE

INSERT INTO chip (chipID,chipnumber,chipnewactivation,chipdeactivation) VALUES (400,458,'12-Mar-19 05:25:53','24-Mar-19 05:56:50');
INSERT INTO chip (chipID,chipnumber,chipnewactivation,chipdeactivation) VALUES (401,437,'17-Feb-19 09:45:25','09-Mar-19 21:42:43');
INSERT INTO chip (chipID,chipnumber,chipnewactivation,chipdeactivation) VALUES (402,500,'25-Feb-19 13:44:59','28-Jan-19 21:24:36');
INSERT INTO chip (chipID,chipnumber,chipnewactivation,chipdeactivation) VALUES (403,434,'17-Mar-19 06:22:34','04-Apr-19 11:36:04');
INSERT INTO chip (chipID,chipnumber,chipnewactivation,chipdeactivation) VALUES (404,460,'04-Apr-19 06:07:57','24-Feb-19 12:42:11');
INSERT INTO chip (chipID,chipnumber,chipnewactivation,chipdeactivation) VALUES (405,453,'30-Jan-19 21:09:00','29-Jan-19 18:06:08');
INSERT INTO chip (chipID,chipnumber,chipnewactivation,chipdeactivation) VALUES (406,486,'10-Mar-19 08:07:46','25-Jan-19 21:21:00');
INSERT INTO chip (chipID,chipnumber,chipnewactivation,chipdeactivation) VALUES (407,487,'07-Feb-19 08:57:09','05-Apr-19 04:45:48');
INSERT INTO chip (chipID,chipnumber,chipnewactivation,chipdeactivation) VALUES (408,441,'08-Mar-19 07:24:38','22-Feb-19 10:35:13');
INSERT INTO chip (chipID,chipnumber,chipnewactivation,chipdeactivation) VALUES (409,435,'02-Apr-19 05:29:50','23-Feb-19 04:43:00');
INSERT INTO chip (chipID,chipnumber,chipnewactivation,chipdeactivation) VALUES (410,441,'01-Apr-19 00:59:13','27-Feb-19 12:51:48');
INSERT INTO chip (chipID,chipnumber,chipnewactivation,chipdeactivation) VALUES (411,401,'17-Feb-19 07:26:20','01-Mar-19 16:29:00');
INSERT INTO chip (chipID,chipnumber,chipnewactivation,chipdeactivation) VALUES (412,462,'24-Mar-19 03:13:47','19-Apr-19 18:30:51');
INSERT INTO chip (chipID,chipnumber,chipnewactivation,chipdeactivation) VALUES (413,443,'26-Mar-19 04:03:20','22-Feb-19 16:48:48');
INSERT INTO chip (chipID,chipnumber,chipnewactivation,chipdeactivation) VALUES (414,422,'29-Jan-19 07:22:53','26-Jan-19 19:52:50');
INSERT INTO chip (chipID,chipnumber,chipnewactivation,chipdeactivation) VALUES (415,417,'13-Mar-19 19:34:24','01-Feb-19 22:48:41');
INSERT INTO chip (chipID,chipnumber,chipnewactivation,chipdeactivation) VALUES (416,413,'18-Apr-19 06:04:48','07-Feb-19 06:24:35');
INSERT INTO chip (chipID,chipnumber,chipnewactivation,chipdeactivation) VALUES (417,492,'16-Apr-19 01:04:10','16-Feb-19 04:42:15');
INSERT INTO chip (chipID,chipnumber,chipnewactivation,chipdeactivation) VALUES (418,479,'19-Mar-19 05:22:10','21-Apr-19 23:18:18');
INSERT INTO chip (chipID,chipnumber,chipnewactivation,chipdeactivation) VALUES (419,418,'28-Jan-19 06:15:25','07-Apr-19 08:42:53');
INSERT INTO chip (chipID,chipnumber,chipnewactivation,chipdeactivation) VALUES (420,444,'19-Mar-19 06:58:00','19-Feb-19 08:53:33');
INSERT INTO chip (chipID,chipnumber,chipnewactivation,chipdeactivation) VALUES (421,468,'16-Feb-19 22:21:50','28-Feb-19 06:05:36');
INSERT INTO chip (chipID,chipnumber,chipnewactivation,chipdeactivation) VALUES (422,458,'10-Feb-19 01:07:38','22-Feb-19 02:05:06');
INSERT INTO chip (chipID,chipnumber,chipnewactivation,chipdeactivation) VALUES (423,483,'05-Apr-19 14:57:09','12-Feb-19 21:23:19');
INSERT INTO chip (chipID,chipnumber,chipnewactivation,chipdeactivation) VALUES (424,435,'22-Jan-19 04:20:00','03-Mar-19 01:54:38');
INSERT INTO chip (chipID,chipnumber,chipnewactivation,chipdeactivation) VALUES (425,489,'19-Feb-19 00:18:24','13-Apr-19 20:26:42');
INSERT INTO chip (chipID,chipnumber,chipnewactivation,chipdeactivation) VALUES (426,427,'27-Mar-19 14:26:57','04-Feb-19 06:05:33');
INSERT INTO chip (chipID,chipnumber,chipnewactivation,chipdeactivation) VALUES (427,413,'21-Feb-19 19:11:23','12-Feb-19 09:01:00');
INSERT INTO chip (chipID,chipnumber,chipnewactivation,chipdeactivation) VALUES (428,467,'20-Feb-19 23:47:58','25-Mar-19 02:01:43');
INSERT INTO chip (chipID,chipnumber,chipnewactivation,chipdeactivation) VALUES (429,497,'18-Feb-19 10:04:56','20-Feb-19 18:25:01');
INSERT INTO chip (chipID,chipnumber,chipnewactivation,chipdeactivation) VALUES (430,426,'24-Jan-19 06:54:37','02-Mar-19 12:25:45');
INSERT INTO chip (chipID,chipnumber,chipnewactivation,chipdeactivation) VALUES (431,488,'14-Apr-19 16:52:20','25-Jan-19 19:53:08');
INSERT INTO chip (chipID,chipnumber,chipnewactivation,chipdeactivation) VALUES (432,461,'28-Mar-19 16:48:06','31-Mar-19 09:12:47');
INSERT INTO chip (chipID,chipnumber,chipnewactivation,chipdeactivation) VALUES (433,428,'22-Feb-19 10:51:51','18-Mar-19 06:05:39');
INSERT INTO chip (chipID,chipnumber,chipnewactivation,chipdeactivation) VALUES (434,411,'15-Feb-19 17:15:30','26-Mar-19 11:50:09');
INSERT INTO chip (chipID,chipnumber,chipnewactivation,chipdeactivation) VALUES (435,430,'07-Apr-19 08:30:31','12-Apr-19 18:00:14');
INSERT INTO chip (chipID,chipnumber,chipnewactivation,chipdeactivation) VALUES (436,448,'10-Mar-19 15:07:28','13-Mar-19 23:55:52');
INSERT INTO chip (chipID,chipnumber,chipnewactivation,chipdeactivation) VALUES (437,431,'22-Apr-19 15:42:48','06-Mar-19 23:29:25');
INSERT INTO chip (chipID,chipnumber,chipnewactivation,chipdeactivation) VALUES (438,463,'24-Mar-19 13:19:51','14-Mar-19 09:09:04');
INSERT INTO chip (chipID,chipnumber,chipnewactivation,chipdeactivation) VALUES (439,438,'22-Jan-19 13:40:25','07-Mar-19 04:03:02');
INSERT INTO chip (chipID,chipnumber,chipnewactivation,chipdeactivation) VALUES (440,457,'25-Feb-19 03:41:41','06-Mar-19 01:31:44');
INSERT INTO chip (chipID,chipnumber,chipnewactivation,chipdeactivation) VALUES (441,401,'20-Apr-19 11:39:44','08-Apr-19 14:05:42');
INSERT INTO chip (chipID,chipnumber,chipnewactivation,chipdeactivation) VALUES (442,443,'18-Mar-19 05:31:24','16-Feb-19 18:58:17');
INSERT INTO chip (chipID,chipnumber,chipnewactivation,chipdeactivation) VALUES (443,429,'25-Feb-19 18:42:25','07-Mar-19 23:53:45');
INSERT INTO chip (chipID,chipnumber,chipnewactivation,chipdeactivation) VALUES (444,418,'27-Jan-19 18:44:24','14-Mar-19 08:35:35');
INSERT INTO chip (chipID,chipnumber,chipnewactivation,chipdeactivation) VALUES (445,439,'02-Mar-19 14:56:32','20-Apr-19 09:49:41');
INSERT INTO chip (chipID,chipnumber,chipnewactivation,chipdeactivation) VALUES (446,450,'28-Feb-19 07:24:06','02-Apr-19 17:34:33');
INSERT INTO chip (chipID,chipnumber,chipnewactivation,chipdeactivation) VALUES (447,444,'18-Apr-19 21:48:10','31-Jan-19 07:59:39');
INSERT INTO chip (chipID,chipnumber,chipnewactivation,chipdeactivation) VALUES (448,495,'26-Feb-19 15:22:02','01-Mar-19 20:44:20');
INSERT INTO chip (chipID,chipnumber,chipnewactivation,chipdeactivation) VALUES (449,459,'04-Apr-19 09:03:07','08-Feb-19 19:17:06');
INSERT INTO chip (chipID,chipnumber,chipnewactivation,chipdeactivation) VALUES (450,483,'18-Mar-19 01:16:34','10-Mar-19 04:27:44');
INSERT INTO chip (chipID,chipnumber,chipnewactivation,chipdeactivation) VALUES (451,425,'27-Feb-19 21:17:12','03-Feb-19 15:56:31');
INSERT INTO chip (chipID,chipnumber,chipnewactivation,chipdeactivation) VALUES (452,452,'05-Feb-19 03:59:20','28-Mar-19 00:45:41');
INSERT INTO chip (chipID,chipnumber,chipnewactivation,chipdeactivation) VALUES (453,410,'18-Apr-19 03:22:16','15-Apr-19 20:57:17');
INSERT INTO chip (chipID,chipnumber,chipnewactivation,chipdeactivation) VALUES (454,470,'21-Mar-19 22:07:03','17-Mar-19 00:05:41');
INSERT INTO chip (chipID,chipnumber,chipnewactivation,chipdeactivation) VALUES (455,484,'18-Feb-19 13:49:47','06-Mar-19 12:27:16');
INSERT INTO chip (chipID,chipnumber,chipnewactivation,chipdeactivation) VALUES (456,470,'27-Mar-19 02:08:32','05-Mar-19 10:30:52');
INSERT INTO chip (chipID,chipnumber,chipnewactivation,chipdeactivation) VALUES (457,433,'06-Mar-19 17:39:33','30-Mar-19 05:31:41');
INSERT INTO chip (chipID,chipnumber,chipnewactivation,chipdeactivation) VALUES (458,487,'05-Apr-19 02:45:43','08-Feb-19 06:48:07');
INSERT INTO chip (chipID,chipnumber,chipnewactivation,chipdeactivation) VALUES (459,482,'04-Mar-19 01:32:18','03-Feb-19 08:41:31');
INSERT INTO chip (chipID,chipnumber,chipnewactivation,chipdeactivation) VALUES (460,402,'13-Feb-19 18:04:39','21-Feb-19 23:15:07');
INSERT INTO chip (chipID,chipnumber,chipnewactivation,chipdeactivation) VALUES (461,476,'14-Apr-19 05:32:12','08-Apr-19 15:04:17');
INSERT INTO chip (chipID,chipnumber,chipnewactivation,chipdeactivation) VALUES (462,428,'20-Mar-19 08:24:13','27-Mar-19 10:45:02');
INSERT INTO chip (chipID,chipnumber,chipnewactivation,chipdeactivation) VALUES (463,477,'15-Mar-19 14:32:00','02-Mar-19 07:55:15');
INSERT INTO chip (chipID,chipnumber,chipnewactivation,chipdeactivation) VALUES (464,454,'05-Feb-19 17:04:20','05-Mar-19 09:16:41');
INSERT INTO chip (chipID,chipnumber,chipnewactivation,chipdeactivation) VALUES (465,493,'14-Apr-19 10:18:53','23-Jan-19 08:28:04');
INSERT INTO chip (chipID,chipnumber,chipnewactivation,chipdeactivation) VALUES (466,478,'09-Feb-19 10:58:03','23-Feb-19 14:21:55');
INSERT INTO chip (chipID,chipnumber,chipnewactivation,chipdeactivation) VALUES (467,466,'19-Mar-19 10:38:44','09-Apr-19 05:35:55');
INSERT INTO chip (chipID,chipnumber,chipnewactivation,chipdeactivation) VALUES (468,464,'01-Mar-19 18:08:17','15-Apr-19 00:47:26');
INSERT INTO chip (chipID,chipnumber,chipnewactivation,chipdeactivation) VALUES (469,447,'08-Mar-19 05:40:47','27-Feb-19 01:46:17');
INSERT INTO chip (chipID,chipnumber,chipnewactivation,chipdeactivation) VALUES (470,435,'14-Mar-19 14:34:42','30-Mar-19 00:20:53');
INSERT INTO chip (chipID,chipnumber,chipnewactivation,chipdeactivation) VALUES (471,400,'09-Apr-19 12:26:48','23-Feb-19 18:23:27');
INSERT INTO chip (chipID,chipnumber,chipnewactivation,chipdeactivation) VALUES (472,460,'25-Jan-19 11:17:23','02-Apr-19 01:49:19');
INSERT INTO chip (chipID,chipnumber,chipnewactivation,chipdeactivation) VALUES (473,466,'18-Feb-19 14:37:17','20-Feb-19 12:10:24');
INSERT INTO chip (chipID,chipnumber,chipnewactivation,chipdeactivation) VALUES (474,483,'16-Apr-19 07:55:10','10-Feb-19 21:40:32');
INSERT INTO chip (chipID,chipnumber,chipnewactivation,chipdeactivation) VALUES (475,409,'05-Feb-19 05:49:02','23-Jan-19 10:36:32');
INSERT INTO chip (chipID,chipnumber,chipnewactivation,chipdeactivation) VALUES (476,432,'17-Feb-19 16:29:33','01-Feb-19 20:19:58');
INSERT INTO chip (chipID,chipnumber,chipnewactivation,chipdeactivation) VALUES (477,499,'09-Mar-19 15:39:27','05-Mar-19 18:35:53');
INSERT INTO chip (chipID,chipnumber,chipnewactivation,chipdeactivation) VALUES (478,473,'26-Mar-19 06:41:51','30-Jan-19 20:08:06');
INSERT INTO chip (chipID,chipnumber,chipnewactivation,chipdeactivation) VALUES (479,408,'27-Feb-19 15:36:44','17-Feb-19 08:20:19');
INSERT INTO chip (chipID,chipnumber,chipnewactivation,chipdeactivation) VALUES (480,487,'11-Mar-19 10:35:50','24-Jan-19 03:31:25');
INSERT INTO chip (chipID,chipnumber,chipnewactivation,chipdeactivation) VALUES (481,448,'20-Apr-19 13:46:27','01-Mar-19 23:46:24');
INSERT INTO chip (chipID,chipnumber,chipnewactivation,chipdeactivation) VALUES (482,491,'18-Mar-19 08:14:37','17-Feb-19 03:46:00');
INSERT INTO chip (chipID,chipnumber,chipnewactivation,chipdeactivation) VALUES (483,467,'28-Feb-19 22:21:33','16-Mar-19 13:14:26');
INSERT INTO chip (chipID,chipnumber,chipnewactivation,chipdeactivation) VALUES (484,450,'13-Mar-19 15:55:12','16-Mar-19 10:03:27');
INSERT INTO chip (chipID,chipnumber,chipnewactivation,chipdeactivation) VALUES (485,408,'10-Apr-19 06:39:37','13-Apr-19 13:39:22');
INSERT INTO chip (chipID,chipnumber,chipnewactivation,chipdeactivation) VALUES (486,441,'21-Apr-19 00:50:01','21-Mar-19 18:44:19');
INSERT INTO chip (chipID,chipnumber,chipnewactivation,chipdeactivation) VALUES (487,419,'23-Feb-19 09:23:12','03-Mar-19 22:19:49');
INSERT INTO chip (chipID,chipnumber,chipnewactivation,chipdeactivation) VALUES (488,434,'13-Mar-19 12:23:08','01-Feb-19 00:21:54');
INSERT INTO chip (chipID,chipnumber,chipnewactivation,chipdeactivation) VALUES (489,484,'23-Feb-19 09:31:34','27-Jan-19 08:23:51');
INSERT INTO chip (chipID,chipnumber,chipnewactivation,chipdeactivation) VALUES (490,402,'17-Mar-19 06:51:24','11-Apr-19 22:31:15');
INSERT INTO chip (chipID,chipnumber,chipnewactivation,chipdeactivation) VALUES (491,450,'21-Feb-19 17:38:57','12-Feb-19 15:26:26');
INSERT INTO chip (chipID,chipnumber,chipnewactivation,chipdeactivation) VALUES (492,485,'15-Feb-19 14:16:40','19-Apr-19 14:35:28');
INSERT INTO chip (chipID,chipnumber,chipnewactivation,chipdeactivation) VALUES (493,465,'16-Apr-19 09:52:09','07-Feb-19 05:41:20');
INSERT INTO chip (chipID,chipnumber,chipnewactivation,chipdeactivation) VALUES (494,402,'11-Feb-19 11:29:16','20-Apr-19 03:04:33');
INSERT INTO chip (chipID,chipnumber,chipnewactivation,chipdeactivation) VALUES (495,414,'25-Feb-19 09:21:50','23-Jan-19 22:25:42');
INSERT INTO chip (chipID,chipnumber,chipnewactivation,chipdeactivation) VALUES (496,440,'17-Apr-19 01:00:09','09-Apr-19 03:38:16');
INSERT INTO chip (chipID,chipnumber,chipnewactivation,chipdeactivation) VALUES (497,441,'22-Apr-19 18:43:47','17-Feb-19 14:04:59');
INSERT INTO chip (chipID,chipnumber,chipnewactivation,chipdeactivation) VALUES (498,480,'07-Apr-19 13:40:51','01-Apr-19 14:42:32');
INSERT INTO chip (chipID,chipnumber,chipnewactivation,chipdeactivation) VALUES (499,448,'13-Feb-19 07:50:59','11-Feb-19 03:36:22');

COMMIT;

-- DATA FOR PATIENT TABLE

INSERT INTO patient (patientID,patientfirstname,patientsurname) VALUES (100,'Xerxes','Jacobson');
INSERT INTO patient (patientID,patientfirstname,patientsurname) VALUES (101,'Cynthia','Madden');
INSERT INTO patient (patientID,patientfirstname,patientsurname) VALUES (102,'Justin','Dominguez');
INSERT INTO patient (patientID,patientfirstname,patientsurname) VALUES (103,'Suki','Underwood');
INSERT INTO patient (patientID,patientfirstname,patientsurname) VALUES (104,'Aurelia','Mays');
INSERT INTO patient (patientID,patientfirstname,patientsurname) VALUES (105,'Maya','George');
INSERT INTO patient (patientID,patientfirstname,patientsurname) VALUES (106,'Nathaniel','Steele');
INSERT INTO patient (patientID,patientfirstname,patientsurname) VALUES (107,'Isadora','Silva');
INSERT INTO patient (patientID,patientfirstname,patientsurname) VALUES (108,'Barclay','Hull');
INSERT INTO patient (patientID,patientfirstname,patientsurname) VALUES (109,'Samson','Pearson');
INSERT INTO patient (patientID,patientfirstname,patientsurname) VALUES (110,'Ivy','Fry');
INSERT INTO patient (patientID,patientfirstname,patientsurname) VALUES (111,'Vielka','Miller');
INSERT INTO patient (patientID,patientfirstname,patientsurname) VALUES (112,'Selma','Downs');
INSERT INTO patient (patientID,patientfirstname,patientsurname) VALUES (113,'Gray','Delgado');
INSERT INTO patient (patientID,patientfirstname,patientsurname) VALUES (114,'Armando','Payne');
INSERT INTO patient (patientID,patientfirstname,patientsurname) VALUES (115,'Karina','Eaton');
INSERT INTO patient (patientID,patientfirstname,patientsurname) VALUES (116,'James','Frost');
INSERT INTO patient (patientID,patientfirstname,patientsurname) VALUES (117,'Hiram','Gaines');
INSERT INTO patient (patientID,patientfirstname,patientsurname) VALUES (118,'Kato','Daugherty');
INSERT INTO patient (patientID,patientfirstname,patientsurname) VALUES (119,'Howard','Dominguez');
INSERT INTO patient (patientID,patientfirstname,patientsurname) VALUES (120,'Yvette','Brennan');
INSERT INTO patient (patientID,patientfirstname,patientsurname) VALUES (121,'Bryar','Holt');
INSERT INTO patient (patientID,patientfirstname,patientsurname) VALUES (122,'Sasha','Calderon');
INSERT INTO patient (patientID,patientfirstname,patientsurname) VALUES (123,'Constance','Riddle');
INSERT INTO patient (patientID,patientfirstname,patientsurname) VALUES (124,'Asher','Contreras');
INSERT INTO patient (patientID,patientfirstname,patientsurname) VALUES (125,'Salvador','Graves');
INSERT INTO patient (patientID,patientfirstname,patientsurname) VALUES (126,'Savannah','Kramer');
INSERT INTO patient (patientID,patientfirstname,patientsurname) VALUES (127,'Flavia','Suarez');
INSERT INTO patient (patientID,patientfirstname,patientsurname) VALUES (128,'Zephania','Beard');
INSERT INTO patient (patientID,patientfirstname,patientsurname) VALUES (129,'Colin','Goodwin');
INSERT INTO patient (patientID,patientfirstname,patientsurname) VALUES (130,'Griffin','Mathis');
INSERT INTO patient (patientID,patientfirstname,patientsurname) VALUES (131,'Sasha','Mcconnell');
INSERT INTO patient (patientID,patientfirstname,patientsurname) VALUES (132,'Ishmael','Hodges');
INSERT INTO patient (patientID,patientfirstname,patientsurname) VALUES (133,'Sigourney','Aguilar');
INSERT INTO patient (patientID,patientfirstname,patientsurname) VALUES (134,'Burke','Joyce');
INSERT INTO patient (patientID,patientfirstname,patientsurname) VALUES (135,'Veda','Mendez');
INSERT INTO patient (patientID,patientfirstname,patientsurname) VALUES (136,'Lucius','Hurley');
INSERT INTO patient (patientID,patientfirstname,patientsurname) VALUES (137,'Ciara','Wilkinson');
INSERT INTO patient (patientID,patientfirstname,patientsurname) VALUES (138,'Sharon','Hurley');
INSERT INTO patient (patientID,patientfirstname,patientsurname) VALUES (139,'Lewis','Mercer');
INSERT INTO patient (patientID,patientfirstname,patientsurname) VALUES (140,'Stephanie','Brewer');
INSERT INTO patient (patientID,patientfirstname,patientsurname) VALUES (141,'Virginia','Sampson');
INSERT INTO patient (patientID,patientfirstname,patientsurname) VALUES (142,'Amos','Vaughn');
INSERT INTO patient (patientID,patientfirstname,patientsurname) VALUES (143,'Maris','Combs');
INSERT INTO patient (patientID,patientfirstname,patientsurname) VALUES (144,'Drew','Patterson');
INSERT INTO patient (patientID,patientfirstname,patientsurname) VALUES (145,'Amanda','Byrd');
INSERT INTO patient (patientID,patientfirstname,patientsurname) VALUES (146,'Amethyst','Haley');
INSERT INTO patient (patientID,patientfirstname,patientsurname) VALUES (147,'Rama','Moses');
INSERT INTO patient (patientID,patientfirstname,patientsurname) VALUES (148,'Heather','Turner');
INSERT INTO patient (patientID,patientfirstname,patientsurname) VALUES (149,'Colby','Hill');
INSERT INTO patient (patientID,patientfirstname,patientsurname) VALUES (150,'Zahir','Marsh');
INSERT INTO patient (patientID,patientfirstname,patientsurname) VALUES (151,'Signe','Faulkner');
INSERT INTO patient (patientID,patientfirstname,patientsurname) VALUES (152,'Jessamine','Riddle');
INSERT INTO patient (patientID,patientfirstname,patientsurname) VALUES (153,'Clarke','Bass');
INSERT INTO patient (patientID,patientfirstname,patientsurname) VALUES (154,'Claire','Wise');
INSERT INTO patient (patientID,patientfirstname,patientsurname) VALUES (155,'Hannah','Weeks');
INSERT INTO patient (patientID,patientfirstname,patientsurname) VALUES (156,'Hall','Mueller');
INSERT INTO patient (patientID,patientfirstname,patientsurname) VALUES (157,'Keegan','Romero');
INSERT INTO patient (patientID,patientfirstname,patientsurname) VALUES (158,'Oliver','Patterson');
INSERT INTO patient (patientID,patientfirstname,patientsurname) VALUES (159,'Dai','Bridges');
INSERT INTO patient (patientID,patientfirstname,patientsurname) VALUES (160,'Charissa','Sexton');
INSERT INTO patient (patientID,patientfirstname,patientsurname) VALUES (161,'Dara','Burch');
INSERT INTO patient (patientID,patientfirstname,patientsurname) VALUES (162,'Ignatius','Manning');
INSERT INTO patient (patientID,patientfirstname,patientsurname) VALUES (163,'Geraldine','Mcgowan');
INSERT INTO patient (patientID,patientfirstname,patientsurname) VALUES (164,'Velma','Rios');
INSERT INTO patient (patientID,patientfirstname,patientsurname) VALUES (165,'Olympia','Moody');
INSERT INTO patient (patientID,patientfirstname,patientsurname) VALUES (166,'Halee','Rosa');
INSERT INTO patient (patientID,patientfirstname,patientsurname) VALUES (167,'Catherine','Elliott');
INSERT INTO patient (patientID,patientfirstname,patientsurname) VALUES (168,'Raja','Farley');
INSERT INTO patient (patientID,patientfirstname,patientsurname) VALUES (169,'Perry','Jackson');
INSERT INTO patient (patientID,patientfirstname,patientsurname) VALUES (170,'Zia','Jordan');
INSERT INTO patient (patientID,patientfirstname,patientsurname) VALUES (171,'Russell','Murphy');
INSERT INTO patient (patientID,patientfirstname,patientsurname) VALUES (172,'Colleen','Dotson');
INSERT INTO patient (patientID,patientfirstname,patientsurname) VALUES (173,'Kellie','Leonard');
INSERT INTO patient (patientID,patientfirstname,patientsurname) VALUES (174,'Castor','French');
INSERT INTO patient (patientID,patientfirstname,patientsurname) VALUES (175,'Graham','Carrillo');
INSERT INTO patient (patientID,patientfirstname,patientsurname) VALUES (176,'Zachery','Mcfarland');
INSERT INTO patient (patientID,patientfirstname,patientsurname) VALUES (177,'Daniel','Horton');
INSERT INTO patient (patientID,patientfirstname,patientsurname) VALUES (178,'Cyrus','Jenkins');
INSERT INTO patient (patientID,patientfirstname,patientsurname) VALUES (179,'Helen','Ewing');
INSERT INTO patient (patientID,patientfirstname,patientsurname) VALUES (180,'Florence','Paul');
INSERT INTO patient (patientID,patientfirstname,patientsurname) VALUES (181,'Kaseem','Hall');
INSERT INTO patient (patientID,patientfirstname,patientsurname) VALUES (182,'Baxter','Harmon');
INSERT INTO patient (patientID,patientfirstname,patientsurname) VALUES (183,'Chancellor','Gilbert');
INSERT INTO patient (patientID,patientfirstname,patientsurname) VALUES (184,'Zephr','Flowers');
INSERT INTO patient (patientID,patientfirstname,patientsurname) VALUES (185,'Harrison','Cooper');
INSERT INTO patient (patientID,patientfirstname,patientsurname) VALUES (186,'Kaseem','Gould');
INSERT INTO patient (patientID,patientfirstname,patientsurname) VALUES (187,'Merritt','Monroe');
INSERT INTO patient (patientID,patientfirstname,patientsurname) VALUES (188,'Indigo','Russo');
INSERT INTO patient (patientID,patientfirstname,patientsurname) VALUES (189,'Nasim','Page');
INSERT INTO patient (patientID,patientfirstname,patientsurname) VALUES (190,'Ferdinand','Dodson');
INSERT INTO patient (patientID,patientfirstname,patientsurname) VALUES (191,'Kalia','Solomon');
INSERT INTO patient (patientID,patientfirstname,patientsurname) VALUES (192,'Cheyenne','Gallagher');
INSERT INTO patient (patientID,patientfirstname,patientsurname) VALUES (193,'Summer','Hicks');
INSERT INTO patient (patientID,patientfirstname,patientsurname) VALUES (194,'Colby','Hicks');
INSERT INTO patient (patientID,patientfirstname,patientsurname) VALUES (195,'Bertha','Brock');
INSERT INTO patient (patientID,patientfirstname,patientsurname) VALUES (196,'Ryder','Cooke');
INSERT INTO patient (patientID,patientfirstname,patientsurname) VALUES (197,'Aladdin','Cantu');
INSERT INTO patient (patientID,patientfirstname,patientsurname) VALUES (198,'Jason','Irwin');
INSERT INTO patient (patientID,patientfirstname,patientsurname) VALUES (199,'Harriet','Chase');

COMMIT;

-- DATA FOR WARD TABLE

INSERT INTO ward (wardID,roomnumber) VALUES (1,29);
INSERT INTO ward (wardID,roomnumber) VALUES (2,49);
INSERT INTO ward (wardID,roomnumber) VALUES (3,32);
INSERT INTO ward (wardID,roomnumber) VALUES (4,24);
INSERT INTO ward (wardID,roomnumber) VALUES (5,25);
INSERT INTO ward (wardID,roomnumber) VALUES (6,2);
INSERT INTO ward (wardID,roomnumber) VALUES (7,17);
INSERT INTO ward (wardID,roomnumber) VALUES (8,25);
INSERT INTO ward (wardID,roomnumber) VALUES (9,44);
INSERT INTO ward (wardID,roomnumber) VALUES (10,4);
INSERT INTO ward (wardID,roomnumber) VALUES (11,1);
INSERT INTO ward (wardID,roomnumber) VALUES (12,26);
INSERT INTO ward (wardID,roomnumber) VALUES (13,3);
INSERT INTO ward (wardID,roomnumber) VALUES (14,29);
INSERT INTO ward (wardID,roomnumber) VALUES (15,14);
INSERT INTO ward (wardID,roomnumber) VALUES (16,41);
INSERT INTO ward (wardID,roomnumber) VALUES (17,41);
INSERT INTO ward (wardID,roomnumber) VALUES (18,44);
INSERT INTO ward (wardID,roomnumber) VALUES (19,10);
INSERT INTO ward (wardID,roomnumber) VALUES (20,28);

COMMIT;

-- DATA FOR SECTOR TABLE

INSERT INTO sector (sectorID,wardID,patientID) VALUES (1,16,126);
INSERT INTO sector (sectorID,wardID,patientID) VALUES (2,18,118);
INSERT INTO sector (sectorID,wardID,patientID) VALUES (3,15,108);
INSERT INTO sector (sectorID,wardID,patientID) VALUES (4,18,111);
INSERT INTO sector (sectorID,wardID,patientID) VALUES (5,8,118);
INSERT INTO sector (sectorID,wardID,patientID) VALUES (6,17,105);
INSERT INTO sector (sectorID,wardID,patientID) VALUES (7,2,118);
INSERT INTO sector (sectorID,wardID,patientID) VALUES (8,11,122);
INSERT INTO sector (sectorID,wardID,patientID) VALUES (9,8,121);
INSERT INTO sector (sectorID,wardID,patientID) VALUES (10,6,105);
INSERT INTO sector (sectorID,wardID,patientID) VALUES (11,16,105);
INSERT INTO sector (sectorID,wardID,patientID) VALUES (12,18,121);
INSERT INTO sector (sectorID,wardID,patientID) VALUES (13,12,130);
INSERT INTO sector (sectorID,wardID,patientID) VALUES (14,8,129);
INSERT INTO sector (sectorID,wardID,patientID) VALUES (15,15,111);
INSERT INTO sector (sectorID,wardID,patientID) VALUES (16,11,104);
INSERT INTO sector (sectorID,wardID,patientID) VALUES (17,6,126);
INSERT INTO sector (sectorID,wardID,patientID) VALUES (18,19,125);
INSERT INTO sector (sectorID,wardID,patientID) VALUES (19,11,106);
INSERT INTO sector (sectorID,wardID,patientID) VALUES (20,20,103);

COMMIT;

-- DATA FOR RESTPERIOD TABLE

INSERT INTO restperiod (restperiodID,patientID,chipID,stayperiod,dischargeperiod) VALUES (1,126,429,'31-Jan-19 14:02:41','28-Feb-19 10:38:56');
INSERT INTO restperiod (restperiodID,patientID,chipID,stayperiod,dischargeperiod) VALUES (2,128,416,'11-Apr-19 22:38:56','06-Feb-19 00:36:33');
INSERT INTO restperiod (restperiodID,patientID,chipID,stayperiod,dischargeperiod) VALUES (3,130,425,'19-Mar-19 10:25:18','12-Feb-19 13:24:48');
INSERT INTO restperiod (restperiodID,patientID,chipID,stayperiod,dischargeperiod) VALUES (4,124,402,'05-Apr-19 02:47:41','10-Feb-19 05:18:40');
INSERT INTO restperiod (restperiodID,patientID,chipID,stayperiod,dischargeperiod) VALUES (5,109,415,'01-Feb-19 21:09:03','25-Jan-19 04:42:30');
INSERT INTO restperiod (restperiodID,patientID,chipID,stayperiod,dischargeperiod) VALUES (6,109,429,'12-Mar-19 20:35:05','08-Apr-19 16:38:45');
INSERT INTO restperiod (restperiodID,patientID,chipID,stayperiod,dischargeperiod) VALUES (7,123,419,'27-Mar-19 10:46:12','15-Feb-19 23:06:02');
INSERT INTO restperiod (restperiodID,patientID,chipID,stayperiod,dischargeperiod) VALUES (8,113,425,'17-Apr-19 11:23:36','23-Jan-19 13:48:51');
INSERT INTO restperiod (restperiodID,patientID,chipID,stayperiod,dischargeperiod) VALUES (9,129,409,'20-Apr-19 08:43:50','12-Apr-19 21:31:43');
INSERT INTO restperiod (restperiodID,patientID,chipID,stayperiod,dischargeperiod) VALUES (10,114,430,'28-Mar-19 20:33:34','28-Mar-19 03:59:51');
INSERT INTO restperiod (restperiodID,patientID,chipID,stayperiod,dischargeperiod) VALUES (11,100,422,'03-Apr-19 07:53:34','02-Mar-19 21:41:02');
INSERT INTO restperiod (restperiodID,patientID,chipID,stayperiod,dischargeperiod) VALUES (12,127,428,'31-Mar-19 23:19:27','18-Mar-19 16:35:29');
INSERT INTO restperiod (restperiodID,patientID,chipID,stayperiod,dischargeperiod) VALUES (13,129,419,'17-Mar-19 10:15:30','26-Feb-19 05:01:44');
INSERT INTO restperiod (restperiodID,patientID,chipID,stayperiod,dischargeperiod) VALUES (14,108,429,'27-Feb-19 12:13:26','14-Apr-19 17:18:51');
INSERT INTO restperiod (restperiodID,patientID,chipID,stayperiod,dischargeperiod) VALUES (15,106,409,'28-Jan-19 00:35:50','12-Apr-19 15:07:49');
INSERT INTO restperiod (restperiodID,patientID,chipID,stayperiod,dischargeperiod) VALUES (16,129,427,'20-Mar-19 18:11:40','24-Feb-19 18:49:15');
INSERT INTO restperiod (restperiodID,patientID,chipID,stayperiod,dischargeperiod) VALUES (17,105,409,'24-Jan-19 08:23:19','27-Feb-19 01:02:46');
INSERT INTO restperiod (restperiodID,patientID,chipID,stayperiod,dischargeperiod) VALUES (18,123,428,'06-Mar-19 15:09:12','26-Mar-19 02:49:41');
INSERT INTO restperiod (restperiodID,patientID,chipID,stayperiod,dischargeperiod) VALUES (19,119,411,'01-Feb-19 16:20:53','17-Mar-19 06:57:54');
INSERT INTO restperiod (restperiodID,patientID,chipID,stayperiod,dischargeperiod) VALUES (20,100,423,'08-Mar-19 16:51:31','04-Mar-19 08:29:03');
INSERT INTO restperiod (restperiodID,patientID,chipID,stayperiod,dischargeperiod) VALUES (21,106,407,'04-Apr-19 10:29:07','05-Mar-19 19:35:31');
INSERT INTO restperiod (restperiodID,patientID,chipID,stayperiod,dischargeperiod) VALUES (22,111,416,'17-Mar-19 13:26:51','29-Mar-19 23:26:04');
INSERT INTO restperiod (restperiodID,patientID,chipID,stayperiod,dischargeperiod) VALUES (23,103,412,'15-Feb-19 08:13:30','26-Jan-19 20:05:27');
INSERT INTO restperiod (restperiodID,patientID,chipID,stayperiod,dischargeperiod) VALUES (24,129,415,'08-Feb-19 01:57:43','01-Apr-19 21:49:20');
INSERT INTO restperiod (restperiodID,patientID,chipID,stayperiod,dischargeperiod) VALUES (25,123,402,'17-Mar-19 23:29:33','24-Mar-19 04:58:46');
INSERT INTO restperiod (restperiodID,patientID,chipID,stayperiod,dischargeperiod) VALUES (26,121,429,'03-Apr-19 14:27:21','03-Mar-19 00:13:25');
INSERT INTO restperiod (restperiodID,patientID,chipID,stayperiod,dischargeperiod) VALUES (27,123,414,'26-Mar-19 01:45:03','23-Feb-19 02:25:00');
INSERT INTO restperiod (restperiodID,patientID,chipID,stayperiod,dischargeperiod) VALUES (28,109,422,'25-Mar-19 05:14:17','10-Feb-19 15:26:35');
INSERT INTO restperiod (restperiodID,patientID,chipID,stayperiod,dischargeperiod) VALUES (29,120,405,'25-Mar-19 09:25:11','29-Mar-19 11:34:50');
INSERT INTO restperiod (restperiodID,patientID,chipID,stayperiod,dischargeperiod) VALUES (30,126,422,'02-Feb-19 23:37:21','07-Apr-19 10:24:53');

COMMIT;

-- DATA FOR EQUIPMENT TABLE

INSERT INTO equipment (equipmentID,equiptypeID,chipID) VALUES (1,2,408);
INSERT INTO equipment (equipmentID,equiptypeID,chipID) VALUES (2,2,413);
INSERT INTO equipment (equipmentID,equiptypeID,chipID) VALUES (3,2,424);
INSERT INTO equipment (equipmentID,equiptypeID,chipID) VALUES (4,3,415);
INSERT INTO equipment (equipmentID,equiptypeID,chipID) VALUES (5,1,410);
INSERT INTO equipment (equipmentID,equiptypeID,chipID) VALUES (6,1,419);
INSERT INTO equipment (equipmentID,equiptypeID,chipID) VALUES (7,1,405);
INSERT INTO equipment (equipmentID,equiptypeID,chipID) VALUES (8,2,428);
INSERT INTO equipment (equipmentID,equiptypeID,chipID) VALUES (9,3,406);
INSERT INTO equipment (equipmentID,equiptypeID,chipID) VALUES (10,2,426);
INSERT INTO equipment (equipmentID,equiptypeID,chipID) VALUES (11,3,417);
INSERT INTO equipment (equipmentID,equiptypeID,chipID) VALUES (12,3,420);
INSERT INTO equipment (equipmentID,equiptypeID,chipID) VALUES (13,2,413);
INSERT INTO equipment (equipmentID,equiptypeID,chipID) VALUES (14,2,406);
INSERT INTO equipment (equipmentID,equiptypeID,chipID) VALUES (15,3,430);
INSERT INTO equipment (equipmentID,equiptypeID,chipID) VALUES (16,1,409);
INSERT INTO equipment (equipmentID,equiptypeID,chipID) VALUES (17,2,423);
INSERT INTO equipment (equipmentID,equiptypeID,chipID) VALUES (18,2,402);
INSERT INTO equipment (equipmentID,equiptypeID,chipID) VALUES (19,1,415);
INSERT INTO equipment (equipmentID,equiptypeID,chipID) VALUES (20,2,429);
INSERT INTO equipment (equipmentID,equiptypeID,chipID) VALUES (21,2,407);
INSERT INTO equipment (equipmentID,equiptypeID,chipID) VALUES (22,3,412);
INSERT INTO equipment (equipmentID,equiptypeID,chipID) VALUES (23,1,415);
INSERT INTO equipment (equipmentID,equiptypeID,chipID) VALUES (24,1,409);
INSERT INTO equipment (equipmentID,equiptypeID,chipID) VALUES (25,2,422);
INSERT INTO equipment (equipmentID,equiptypeID,chipID) VALUES (26,1,406);
INSERT INTO equipment (equipmentID,equiptypeID,chipID) VALUES (27,2,422);
INSERT INTO equipment (equipmentID,equiptypeID,chipID) VALUES (28,2,415);
INSERT INTO equipment (equipmentID,equiptypeID,chipID) VALUES (29,3,404);
INSERT INTO equipment (equipmentID,equiptypeID,chipID) VALUES (30,3,426);

COMMIT;

-- DATA FOR EQUIPMENTUSAGE TABLE

INSERT INTO equipmentusage (equipmentusageID,patientID,equipmentID,startTime,endTime) VALUES (10,110,11,'19-Apr-19 08:53:51','09-Mar-19 07:06:34');
INSERT INTO equipmentusage (equipmentusageID,patientID,equipmentID,startTime,endTime) VALUES (11,113,14,'21-Mar-19 00:36:06','05-Feb-19 14:00:44');
INSERT INTO equipmentusage (equipmentusageID,patientID,equipmentID,startTime,endTime) VALUES (12,104,29,'01-Mar-19 10:19:25','26-Feb-19 20:43:50');
INSERT INTO equipmentusage (equipmentusageID,patientID,equipmentID,startTime,endTime) VALUES (13,124,18,'18-Feb-19 07:33:19','22-Apr-19 02:23:53');
INSERT INTO equipmentusage (equipmentusageID,patientID,equipmentID,startTime,endTime) VALUES (14,125,21,'31-Jan-19 11:51:27','07-Apr-19 08:53:06');
INSERT INTO equipmentusage (equipmentusageID,patientID,equipmentID,startTime,endTime) VALUES (15,111,1,'27-Jan-19 18:42:46','02-Feb-19 20:48:34');
INSERT INTO equipmentusage (equipmentusageID,patientID,equipmentID,startTime,endTime) VALUES (16,120,10,'25-Feb-19 15:53:42','09-Apr-19 03:28:04');
INSERT INTO equipmentusage (equipmentusageID,patientID,equipmentID,startTime,endTime) VALUES (17,117,15,'08-Feb-19 18:43:51','21-Apr-19 13:14:22');
INSERT INTO equipmentusage (equipmentusageID,patientID,equipmentID,startTime,endTime) VALUES (18,121,5,'22-Feb-19 23:42:22','01-Apr-19 16:08:24');
INSERT INTO equipmentusage (equipmentusageID,patientID,equipmentID,startTime,endTime) VALUES (19,100,9,'18-Mar-19 18:15:15','18-Apr-19 20:40:07');
INSERT INTO equipmentusage (equipmentusageID,patientID,equipmentID,startTime,endTime) VALUES (20,100,20,'19-Feb-19 03:45:24','04-Feb-19 02:39:57');
INSERT INTO equipmentusage (equipmentusageID,patientID,equipmentID,startTime,endTime) VALUES (21,101,28,'10-Mar-19 08:49:58','10-Feb-19 01:42:41');
INSERT INTO equipmentusage (equipmentusageID,patientID,equipmentID,startTime,endTime) VALUES (22,116,21,'28-Feb-19 10:31:26','24-Jan-19 10:38:19');
INSERT INTO equipmentusage (equipmentusageID,patientID,equipmentID,startTime,endTime) VALUES (23,100,7,'11-Apr-19 08:32:02','23-Mar-19 21:40:48');
INSERT INTO equipmentusage (equipmentusageID,patientID,equipmentID,startTime,endTime) VALUES (24,106,1,'08-Mar-19 07:14:43','19-Feb-19 08:08:03');
INSERT INTO equipmentusage (equipmentusageID,patientID,equipmentID,startTime,endTime) VALUES (25,124,8,'07-Feb-19 08:46:15','29-Mar-19 08:35:40');
INSERT INTO equipmentusage (equipmentusageID,patientID,equipmentID,startTime,endTime) VALUES (26,103,6,'02-Mar-19 21:38:25','14-Mar-19 18:36:02');
INSERT INTO equipmentusage (equipmentusageID,patientID,equipmentID,startTime,endTime) VALUES (27,107,9,'21-Mar-19 23:30:07','22-Jan-19 02:49:35');
INSERT INTO equipmentusage (equipmentusageID,patientID,equipmentID,startTime,endTime) VALUES (28,128,17,'07-Mar-19 07:34:15','18-Feb-19 19:05:29');
INSERT INTO equipmentusage (equipmentusageID,patientID,equipmentID,startTime,endTime) VALUES (29,125,4,'16-Mar-19 10:45:27','06-Mar-19 13:36:28');
INSERT INTO equipmentusage (equipmentusageID,patientID,equipmentID,startTime,endTime) VALUES (30,129,27,'11-Apr-19 05:50:13','02-Mar-19 18:26:39');
INSERT INTO equipmentusage (equipmentusageID,patientID,equipmentID,startTime,endTime) VALUES (31,124,11,'11-Apr-19 10:40:28','10-Apr-19 19:14:59');
INSERT INTO equipmentusage (equipmentusageID,patientID,equipmentID,startTime,endTime) VALUES (32,108,10,'17-Apr-19 18:23:20','20-Apr-19 13:54:17');
INSERT INTO equipmentusage (equipmentusageID,patientID,equipmentID,startTime,endTime) VALUES (33,120,15,'25-Jan-19 03:16:29','10-Feb-19 03:15:04');
INSERT INTO equipmentusage (equipmentusageID,patientID,equipmentID,startTime,endTime) VALUES (34,113,24,'10-Apr-19 05:32:58','05-Apr-19 22:56:28');
INSERT INTO equipmentusage (equipmentusageID,patientID,equipmentID,startTime,endTime) VALUES (35,100,2,'16-Feb-19 21:59:46','06-Mar-19 08:09:39');
INSERT INTO equipmentusage (equipmentusageID,patientID,equipmentID,startTime,endTime) VALUES (36,111,1,'30-Mar-19 20:07:55','19-Feb-19 06:27:37');
INSERT INTO equipmentusage (equipmentusageID,patientID,equipmentID,startTime,endTime) VALUES (37,102,16,'14-Feb-19 19:23:26','07-Mar-19 07:16:55');
INSERT INTO equipmentusage (equipmentusageID,patientID,equipmentID,startTime,endTime) VALUES (38,123,18,'22-Jan-19 17:22:06','30-Jan-19 18:48:18');
INSERT INTO equipmentusage (equipmentusageID,patientID,equipmentID,startTime,endTime) VALUES (39,113,1,'17-Feb-19 12:13:00','24-Mar-19 23:44:16');
INSERT INTO equipmentusage (equipmentusageID,patientID,equipmentID,startTime,endTime) VALUES (40,113,8,'09-Feb-19 16:22:52','13-Mar-19 06:27:46');

COMMIT;

-- DATA FOR STAFF TABLE

INSERT INTO staff (staffID,staffFirstname,staffSurname,staffpositionID) VALUES (200,'Jenna','Dixon',3);
INSERT INTO staff (staffID,staffFirstname,staffSurname,staffpositionID) VALUES (201,'Winifred','Wilson',1);
INSERT INTO staff (staffID,staffFirstname,staffSurname,staffpositionID) VALUES (202,'Yoshio','Palmer',2);
INSERT INTO staff (staffID,staffFirstname,staffSurname,staffpositionID) VALUES (203,'Mira','Macias',2);
INSERT INTO staff (staffID,staffFirstname,staffSurname,staffpositionID) VALUES (204,'Ralph','Barnes',2);
INSERT INTO staff (staffID,staffFirstname,staffSurname,staffpositionID) VALUES (205,'Hammett','Porter',3);
INSERT INTO staff (staffID,staffFirstname,staffSurname,staffpositionID) VALUES (206,'Zephr','Morrison',3);
INSERT INTO staff (staffID,staffFirstname,staffSurname,staffpositionID) VALUES (207,'Solomon','Ellison',3);
INSERT INTO staff (staffID,staffFirstname,staffSurname,staffpositionID) VALUES (208,'Iola','Kirby',1);
INSERT INTO staff (staffID,staffFirstname,staffSurname,staffpositionID) VALUES (209,'Mallory','Langley',3);
INSERT INTO staff (staffID,staffFirstname,staffSurname,staffpositionID) VALUES (210,'Avram','Boyd',2);
INSERT INTO staff (staffID,staffFirstname,staffSurname,staffpositionID) VALUES (211,'Forrest','Walker',2);
INSERT INTO staff (staffID,staffFirstname,staffSurname,staffpositionID) VALUES (212,'Adena','Wise',2);
INSERT INTO staff (staffID,staffFirstname,staffSurname,staffpositionID) VALUES (213,'Stuart','Delaney',3);
INSERT INTO staff (staffID,staffFirstname,staffSurname,staffpositionID) VALUES (214,'Stella','Guthrie',3);
INSERT INTO staff (staffID,staffFirstname,staffSurname,staffpositionID) VALUES (215,'Blossom','Mcleod',3);
INSERT INTO staff (staffID,staffFirstname,staffSurname,staffpositionID) VALUES (216,'Zena','Wise',2);
INSERT INTO staff (staffID,staffFirstname,staffSurname,staffpositionID) VALUES (217,'Igor','Maxwell',1);
INSERT INTO staff (staffID,staffFirstname,staffSurname,staffpositionID) VALUES (218,'Risa','Dennis',2);
INSERT INTO staff (staffID,staffFirstname,staffSurname,staffpositionID) VALUES (219,'Gavin','Rutledge',3);
INSERT INTO staff (staffID,staffFirstname,staffSurname,staffpositionID) VALUES (220,'Zenia','Finch',3);
INSERT INTO staff (staffID,staffFirstname,staffSurname,staffpositionID) VALUES (221,'Sigourney','Vazquez',3);
INSERT INTO staff (staffID,staffFirstname,staffSurname,staffpositionID) VALUES (222,'Denise','Perez',3);
INSERT INTO staff (staffID,staffFirstname,staffSurname,staffpositionID) VALUES (223,'Perry','Mcdonald',3);
INSERT INTO staff (staffID,staffFirstname,staffSurname,staffpositionID) VALUES (224,'Nevada','Freeman',1);
INSERT INTO staff (staffID,staffFirstname,staffSurname,staffpositionID) VALUES (225,'Blaze','Morales',1);
INSERT INTO staff (staffID,staffFirstname,staffSurname,staffpositionID) VALUES (226,'Kuame','Huff',2);
INSERT INTO staff (staffID,staffFirstname,staffSurname,staffpositionID) VALUES (227,'Irene','Nelson',2);
INSERT INTO staff (staffID,staffFirstname,staffSurname,staffpositionID) VALUES (228,'Chandler','Hogan',2);
INSERT INTO staff (staffID,staffFirstname,staffSurname,staffpositionID) VALUES (229,'Wallace','Patterson',2);
INSERT INTO staff (staffID,staffFirstname,staffSurname,staffpositionID) VALUES (230,'Yardley','Hendrix',3);
INSERT INTO staff (staffID,staffFirstname,staffSurname,staffpositionID) VALUES (231,'Wallace','Puckett',2);
INSERT INTO staff (staffID,staffFirstname,staffSurname,staffpositionID) VALUES (232,'Mannix','Baker',3);
INSERT INTO staff (staffID,staffFirstname,staffSurname,staffpositionID) VALUES (233,'Mariko','Nguyen',2);
INSERT INTO staff (staffID,staffFirstname,staffSurname,staffpositionID) VALUES (234,'Hasad','Delaney',1);
INSERT INTO staff (staffID,staffFirstname,staffSurname,staffpositionID) VALUES (235,'Mallory','Stephenson',2);
INSERT INTO staff (staffID,staffFirstname,staffSurname,staffpositionID) VALUES (236,'Logan','Fuentes',3);
INSERT INTO staff (staffID,staffFirstname,staffSurname,staffpositionID) VALUES (237,'Gay','Lindsey',3);
INSERT INTO staff (staffID,staffFirstname,staffSurname,staffpositionID) VALUES (238,'Dane','Barton',1);
INSERT INTO staff (staffID,staffFirstname,staffSurname,staffpositionID) VALUES (239,'Brady','Randolph',1);
INSERT INTO staff (staffID,staffFirstname,staffSurname,staffpositionID) VALUES (240,'Rae','Griffin',3);
INSERT INTO staff (staffID,staffFirstname,staffSurname,staffpositionID) VALUES (241,'Chava','Mcdaniel',1);
INSERT INTO staff (staffID,staffFirstname,staffSurname,staffpositionID) VALUES (242,'Myles','Nieves',2);
INSERT INTO staff (staffID,staffFirstname,staffSurname,staffpositionID) VALUES (243,'George','Washington',1);
INSERT INTO staff (staffID,staffFirstname,staffSurname,staffpositionID) VALUES (244,'Joelle','Elliott',1);
INSERT INTO staff (staffID,staffFirstname,staffSurname,staffpositionID) VALUES (245,'Ora','Good',1);
INSERT INTO staff (staffID,staffFirstname,staffSurname,staffpositionID) VALUES (246,'Connor','Ayala',3);
INSERT INTO staff (staffID,staffFirstname,staffSurname,staffpositionID) VALUES (247,'Ira','Morris',1);
INSERT INTO staff (staffID,staffFirstname,staffSurname,staffpositionID) VALUES (248,'Clark','Benton',2);
INSERT INTO staff (staffID,staffFirstname,staffSurname,staffpositionID) VALUES (249,'Larissa','Kim',3);
INSERT INTO staff (staffID,staffFirstname,staffSurname,staffpositionID) VALUES (250,'Xerxes','Kim',1);
INSERT INTO staff (staffID,staffFirstname,staffSurname,staffpositionID) VALUES (251,'Castor','Mcknight',3);
INSERT INTO staff (staffID,staffFirstname,staffSurname,staffpositionID) VALUES (252,'Louis','Cotton',2);
INSERT INTO staff (staffID,staffFirstname,staffSurname,staffpositionID) VALUES (253,'Kamal','Cote',2);
INSERT INTO staff (staffID,staffFirstname,staffSurname,staffpositionID) VALUES (254,'Ava','Foley',3);
INSERT INTO staff (staffID,staffFirstname,staffSurname,staffpositionID) VALUES (255,'Kathleen','Copeland',3);
INSERT INTO staff (staffID,staffFirstname,staffSurname,staffpositionID) VALUES (256,'Amery','Tyler',2);
INSERT INTO staff (staffID,staffFirstname,staffSurname,staffpositionID) VALUES (257,'Pamela','Norton',3);
INSERT INTO staff (staffID,staffFirstname,staffSurname,staffpositionID) VALUES (258,'Ulysses','Lara',3);
INSERT INTO staff (staffID,staffFirstname,staffSurname,staffpositionID) VALUES (259,'Kiara','Watts',1);
INSERT INTO staff (staffID,staffFirstname,staffSurname,staffpositionID) VALUES (260,'Doris','Horn',1);
INSERT INTO staff (staffID,staffFirstname,staffSurname,staffpositionID) VALUES (261,'Vielka','Atkins',1);
INSERT INTO staff (staffID,staffFirstname,staffSurname,staffpositionID) VALUES (262,'Berk','Nash',1);
INSERT INTO staff (staffID,staffFirstname,staffSurname,staffpositionID) VALUES (263,'Nyssa','Hardin',2);
INSERT INTO staff (staffID,staffFirstname,staffSurname,staffpositionID) VALUES (264,'Candace','Foley',3);
INSERT INTO staff (staffID,staffFirstname,staffSurname,staffpositionID) VALUES (265,'Maggie','Lloyd',3);
INSERT INTO staff (staffID,staffFirstname,staffSurname,staffpositionID) VALUES (266,'Claire','Dean',2);
INSERT INTO staff (staffID,staffFirstname,staffSurname,staffpositionID) VALUES (267,'Erica','Turner',2);
INSERT INTO staff (staffID,staffFirstname,staffSurname,staffpositionID) VALUES (268,'Octavius','Leonard',3);
INSERT INTO staff (staffID,staffFirstname,staffSurname,staffpositionID) VALUES (269,'Nissim','Huber',1);
INSERT INTO staff (staffID,staffFirstname,staffSurname,staffpositionID) VALUES (270,'Reagan','Cervantes',1);
INSERT INTO staff (staffID,staffFirstname,staffSurname,staffpositionID) VALUES (271,'Aidan','Garner',3);
INSERT INTO staff (staffID,staffFirstname,staffSurname,staffpositionID) VALUES (272,'Martin','Goodman',1);
INSERT INTO staff (staffID,staffFirstname,staffSurname,staffpositionID) VALUES (273,'Iola','Holder',1);
INSERT INTO staff (staffID,staffFirstname,staffSurname,staffpositionID) VALUES (274,'Todd','David',2);
INSERT INTO staff (staffID,staffFirstname,staffSurname,staffpositionID) VALUES (275,'Chantale','Graham',2);
INSERT INTO staff (staffID,staffFirstname,staffSurname,staffpositionID) VALUES (276,'Jamal','Mcintosh',1);
INSERT INTO staff (staffID,staffFirstname,staffSurname,staffpositionID) VALUES (277,'Herman','Dean',2);
INSERT INTO staff (staffID,staffFirstname,staffSurname,staffpositionID) VALUES (278,'Timon','Alexander',2);
INSERT INTO staff (staffID,staffFirstname,staffSurname,staffpositionID) VALUES (279,'Ezekiel','Knowles',1);
INSERT INTO staff (staffID,staffFirstname,staffSurname,staffpositionID) VALUES (280,'Denton','Singleton',3);
INSERT INTO staff (staffID,staffFirstname,staffSurname,staffpositionID) VALUES (281,'Yetta','Walter',2);
INSERT INTO staff (staffID,staffFirstname,staffSurname,staffpositionID) VALUES (282,'Tarik','Patterson',1);
INSERT INTO staff (staffID,staffFirstname,staffSurname,staffpositionID) VALUES (283,'Ronan','Beasley',3);
INSERT INTO staff (staffID,staffFirstname,staffSurname,staffpositionID) VALUES (284,'Shannon','Schmidt',3);
INSERT INTO staff (staffID,staffFirstname,staffSurname,staffpositionID) VALUES (285,'Denise','Black',2);
INSERT INTO staff (staffID,staffFirstname,staffSurname,staffpositionID) VALUES (286,'Barclay','Hunt',3);
INSERT INTO staff (staffID,staffFirstname,staffSurname,staffpositionID) VALUES (287,'Elijah','Manning',1);
INSERT INTO staff (staffID,staffFirstname,staffSurname,staffpositionID) VALUES (288,'Carter','Wilkinson',1);
INSERT INTO staff (staffID,staffFirstname,staffSurname,staffpositionID) VALUES (289,'Tarik','Combs',1);
INSERT INTO staff (staffID,staffFirstname,staffSurname,staffpositionID) VALUES (290,'Regan','Melton',3);
INSERT INTO staff (staffID,staffFirstname,staffSurname,staffpositionID) VALUES (291,'Kevin','Guy',2);
INSERT INTO staff (staffID,staffFirstname,staffSurname,staffpositionID) VALUES (292,'Felix','Luna',3);
INSERT INTO staff (staffID,staffFirstname,staffSurname,staffpositionID) VALUES (293,'Erica','Talley',1);
INSERT INTO staff (staffID,staffFirstname,staffSurname,staffpositionID) VALUES (294,'Cecilia','Snider',1);
INSERT INTO staff (staffID,staffFirstname,staffSurname,staffpositionID) VALUES (295,'Jakeem','Merritt',3);
INSERT INTO staff (staffID,staffFirstname,staffSurname,staffpositionID) VALUES (296,'Rhea','Hansen',3);
INSERT INTO staff (staffID,staffFirstname,staffSurname,staffpositionID) VALUES (297,'Isaac','Dennis',3);
INSERT INTO staff (staffID,staffFirstname,staffSurname,staffpositionID) VALUES (298,'Jelani','Grant',2);
INSERT INTO staff (staffID,staffFirstname,staffSurname,staffpositionID) VALUES (299,'Constance','Mccray',3);

COMMIT;

-- DATA FOR STAFFCHIP TABLE

INSERT INTO staffchip (staffchipID,staffID,chipID) VALUES (300,235,454);
INSERT INTO staffchip (staffchipID,staffID,chipID) VALUES (301,281,416);
INSERT INTO staffchip (staffchipID,staffID,chipID) VALUES (302,294,421);
INSERT INTO staffchip (staffchipID,staffID,chipID) VALUES (303,250,430);
INSERT INTO staffchip (staffchipID,staffID,chipID) VALUES (304,268,422);
INSERT INTO staffchip (staffchipID,staffID,chipID) VALUES (305,234,481);
INSERT INTO staffchip (staffchipID,staffID,chipID) VALUES (306,256,465);
INSERT INTO staffchip (staffchipID,staffID,chipID) VALUES (307,210,430);
INSERT INTO staffchip (staffchipID,staffID,chipID) VALUES (308,229,411);
INSERT INTO staffchip (staffchipID,staffID,chipID) VALUES (309,275,449);
INSERT INTO staffchip (staffchipID,staffID,chipID) VALUES (310,225,444);
INSERT INTO staffchip (staffchipID,staffID,chipID) VALUES (311,271,409);
INSERT INTO staffchip (staffchipID,staffID,chipID) VALUES (313,292,421);
INSERT INTO staffchip (staffchipID,staffID,chipID) VALUES (314,270,423);
INSERT INTO staffchip (staffchipID,staffID,chipID) VALUES (315,245,428);
INSERT INTO staffchip (staffchipID,staffID,chipID) VALUES (316,270,458);
INSERT INTO staffchip (staffchipID,staffID,chipID) VALUES (317,270,444);
INSERT INTO staffchip (staffchipID,staffID,chipID) VALUES (318,286,416);
INSERT INTO staffchip (staffchipID,staffID,chipID) VALUES (319,285,463);
INSERT INTO staffchip (staffchipID,staffID,chipID) VALUES (320,214,441);
INSERT INTO staffchip (staffchipID,staffID,chipID) VALUES (321,270,469);
INSERT INTO staffchip (staffchipID,staffID,chipID) VALUES (322,272,427);
INSERT INTO staffchip (staffchipID,staffID,chipID) VALUES (323,212,406);
INSERT INTO staffchip (staffchipID,staffID,chipID) VALUES (324,259,442);
INSERT INTO staffchip (staffchipID,staffID,chipID) VALUES (325,256,498);
INSERT INTO staffchip (staffchipID,staffID,chipID) VALUES (326,265,441);
INSERT INTO staffchip (staffchipID,staffID,chipID) VALUES (327,200,416);
INSERT INTO staffchip (staffchipID,staffID,chipID) VALUES (328,286,407);
INSERT INTO staffchip (staffchipID,staffID,chipID) VALUES (329,242,495);
INSERT INTO staffchip (staffchipID,staffID,chipID) VALUES (330,272,434);
INSERT INTO staffchip (staffchipID,staffID,chipID) VALUES (331,234,468);
INSERT INTO staffchip (staffchipID,staffID,chipID) VALUES (332,251,471);
INSERT INTO staffchip (staffchipID,staffID,chipID) VALUES (333,213,439);
INSERT INTO staffchip (staffchipID,staffID,chipID) VALUES (334,223,493);
INSERT INTO staffchip (staffchipID,staffID,chipID) VALUES (335,219,484);
INSERT INTO staffchip (staffchipID,staffID,chipID) VALUES (336,264,456);
INSERT INTO staffchip (staffchipID,staffID,chipID) VALUES (337,260,456);
INSERT INTO staffchip (staffchipID,staffID,chipID) VALUES (338,217,459);
INSERT INTO staffchip (staffchipID,staffID,chipID) VALUES (339,287,425);
INSERT INTO staffchip (staffchipID,staffID,chipID) VALUES (340,294,484);
INSERT INTO staffchip (staffchipID,staffID,chipID) VALUES (341,235,463);
INSERT INTO staffchip (staffchipID,staffID,chipID) VALUES (342,260,495);
INSERT INTO staffchip (staffchipID,staffID,chipID) VALUES (343,264,463);
INSERT INTO staffchip (staffchipID,staffID,chipID) VALUES (344,293,408);
INSERT INTO staffchip (staffchipID,staffID,chipID) VALUES (345,201,473);
INSERT INTO staffchip (staffchipID,staffID,chipID) VALUES (346,238,442);
INSERT INTO staffchip (staffchipID,staffID,chipID) VALUES (347,286,438);
INSERT INTO staffchip (staffchipID,staffID,chipID) VALUES (348,230,408);
INSERT INTO staffchip (staffchipID,staffID,chipID) VALUES (349,276,434);
INSERT INTO staffchip (staffchipID,staffID,chipID) VALUES (350,272,489);
INSERT INTO staffchip (staffchipID,staffID,chipID) VALUES (351,269,481);
INSERT INTO staffchip (staffchipID,staffID,chipID) VALUES (352,286,420);
INSERT INTO staffchip (staffchipID,staffID,chipID) VALUES (353,259,435);
INSERT INTO staffchip (staffchipID,staffID,chipID) VALUES (354,274,465);
INSERT INTO staffchip (staffchipID,staffID,chipID) VALUES (355,221,401);
INSERT INTO staffchip (staffchipID,staffID,chipID) VALUES (356,294,468);
INSERT INTO staffchip (staffchipID,staffID,chipID) VALUES (357,290,471);
INSERT INTO staffchip (staffchipID,staffID,chipID) VALUES (358,264,406);
INSERT INTO staffchip (staffchipID,staffID,chipID) VALUES (359,239,449);
INSERT INTO staffchip (staffchipID,staffID,chipID) VALUES (360,256,478);
INSERT INTO staffchip (staffchipID,staffID,chipID) VALUES (361,272,494);
INSERT INTO staffchip (staffchipID,staffID,chipID) VALUES (362,271,483);
INSERT INTO staffchip (staffchipID,staffID,chipID) VALUES (363,279,412);
INSERT INTO staffchip (staffchipID,staffID,chipID) VALUES (364,245,451);
INSERT INTO staffchip (staffchipID,staffID,chipID) VALUES (365,202,490);
INSERT INTO staffchip (staffchipID,staffID,chipID) VALUES (366,218,420);
INSERT INTO staffchip (staffchipID,staffID,chipID) VALUES (367,258,458);
INSERT INTO staffchip (staffchipID,staffID,chipID) VALUES (368,234,423);
INSERT INTO staffchip (staffchipID,staffID,chipID) VALUES (369,291,408);
INSERT INTO staffchip (staffchipID,staffID,chipID) VALUES (370,252,447);
INSERT INTO staffchip (staffchipID,staffID,chipID) VALUES (371,282,465);
INSERT INTO staffchip (staffchipID,staffID,chipID) VALUES (372,253,452);
INSERT INTO staffchip (staffchipID,staffID,chipID) VALUES (373,207,462);
INSERT INTO staffchip (staffchipID,staffID,chipID) VALUES (374,296,419);
INSERT INTO staffchip (staffchipID,staffID,chipID) VALUES (375,255,414);
INSERT INTO staffchip (staffchipID,staffID,chipID) VALUES (376,252,433);
INSERT INTO staffchip (staffchipID,staffID,chipID) VALUES (377,271,467);
INSERT INTO staffchip (staffchipID,staffID,chipID) VALUES (378,252,411);
INSERT INTO staffchip (staffchipID,staffID,chipID) VALUES (379,253,483);
INSERT INTO staffchip (staffchipID,staffID,chipID) VALUES (380,223,442);
INSERT INTO staffchip (staffchipID,staffID,chipID) VALUES (381,220,418);
INSERT INTO staffchip (staffchipID,staffID,chipID) VALUES (382,270,421);
INSERT INTO staffchip (staffchipID,staffID,chipID) VALUES (383,244,473);
INSERT INTO staffchip (staffchipID,staffID,chipID) VALUES (384,232,439);
INSERT INTO staffchip (staffchipID,staffID,chipID) VALUES (385,266,481);
INSERT INTO staffchip (staffchipID,staffID,chipID) VALUES (386,257,472);
INSERT INTO staffchip (staffchipID,staffID,chipID) VALUES (387,233,469);
INSERT INTO staffchip (staffchipID,staffID,chipID) VALUES (388,228,420);
INSERT INTO staffchip (staffchipID,staffID,chipID) VALUES (389,233,465);
INSERT INTO staffchip (staffchipID,staffID,chipID) VALUES (390,230,404);
INSERT INTO staffchip (staffchipID,staffID,chipID) VALUES (391,295,400);
INSERT INTO staffchip (staffchipID,staffID,chipID) VALUES (392,282,483);
INSERT INTO staffchip (staffchipID,staffID,chipID) VALUES (393,266,416);
INSERT INTO staffchip (staffchipID,staffID,chipID) VALUES (394,231,423);
INSERT INTO staffchip (staffchipID,staffID,chipID) VALUES (395,253,424);
INSERT INTO staffchip (staffchipID,staffID,chipID) VALUES (396,270,492);
INSERT INTO staffchip (staffchipID,staffID,chipID) VALUES (397,252,450);
INSERT INTO staffchip (staffchipID,staffID,chipID) VALUES (398,201,413);
INSERT INTO staffchip (staffchipID,staffID,chipID) VALUES (399,247,465);

COMMIT;

-- DATA FOR TREATMENT

INSERT INTO treatment (1,109,210,MRE Scan,26-JAN-19 18.57.43.054000000),
INSERT INTO treatment (2,125,235,Blood Test,30-JAN-19 18.57.50.146000000),
INSERT INTO treatment (3,130,240,MRE Scan,20-FEB-19 18.58.10.534000000),
INSERT INTO treatment (4,124,231,Injections,19-MAR-19 18.58.17.667000000),
INSERT INTO treatment (5,110,209,Blood Test,03-APR-19 18.58.23.231000000)
;

-- DATA FOR STAFFTREATMENT

INSERT INTO stafftreatment (stafftreatmentID,staffID,treatmentID) VALUES (1,228,5);
INSERT INTO stafftreatment (stafftreatmentID,staffID,treatmentID) VALUES (2,269,3);
INSERT INTO stafftreatment (stafftreatmentID,staffID,treatmentID) VALUES (3,209,4);
INSERT INTO stafftreatment (stafftreatmentID,staffID,treatmentID) VALUES (4,235,4);
INSERT INTO stafftreatment (stafftreatmentID,staffID,treatmentID) VALUES (5,291,1);
INSERT INTO stafftreatment (stafftreatmentID,staffID,treatmentID) VALUES (6,290,5);
INSERT INTO stafftreatment (stafftreatmentID,staffID,treatmentID) VALUES (7,254,5);
INSERT INTO stafftreatment (stafftreatmentID,staffID,treatmentID) VALUES (8,298,4);
INSERT INTO stafftreatment (stafftreatmentID,staffID,treatmentID) VALUES (9,245,2);
INSERT INTO stafftreatment (stafftreatmentID,staffID,treatmentID) VALUES (10,213,1);
INSERT INTO stafftreatment (stafftreatmentID,staffID,treatmentID) VALUES (11,259,5);
INSERT INTO stafftreatment (stafftreatmentID,staffID,treatmentID) VALUES (12,243,2);
INSERT INTO stafftreatment (stafftreatmentID,staffID,treatmentID) VALUES (13,270,3);
INSERT INTO stafftreatment (stafftreatmentID,staffID,treatmentID) VALUES (14,262,3);
INSERT INTO stafftreatment (stafftreatmentID,staffID,treatmentID) VALUES (15,269,2);
INSERT INTO stafftreatment (stafftreatmentID,staffID,treatmentID) VALUES (16,224,5);
INSERT INTO stafftreatment (stafftreatmentID,staffID,treatmentID) VALUES (17,274,4);
INSERT INTO stafftreatment (stafftreatmentID,staffID,treatmentID) VALUES (18,281,4);
INSERT INTO stafftreatment (stafftreatmentID,staffID,treatmentID) VALUES (19,236,3);
INSERT INTO stafftreatment (stafftreatmentID,staffID,treatmentID) VALUES (20,262,1);
INSERT INTO stafftreatment (stafftreatmentID,staffID,treatmentID) VALUES (21,220,3);
INSERT INTO stafftreatment (stafftreatmentID,staffID,treatmentID) VALUES (22,297,1);
INSERT INTO stafftreatment (stafftreatmentID,staffID,treatmentID) VALUES (23,289,1);
INSERT INTO stafftreatment (stafftreatmentID,staffID,treatmentID) VALUES (24,296,1);
INSERT INTO stafftreatment (stafftreatmentID,staffID,treatmentID) VALUES (25,270,3);
INSERT INTO stafftreatment (stafftreatmentID,staffID,treatmentID) VALUES (26,225,4);
INSERT INTO stafftreatment (stafftreatmentID,staffID,treatmentID) VALUES (27,245,2);
INSERT INTO stafftreatment (stafftreatmentID,staffID,treatmentID) VALUES (28,210,3);
INSERT INTO stafftreatment (stafftreatmentID,staffID,treatmentID) VALUES (29,260,2);
INSERT INTO stafftreatment (stafftreatmentID,staffID,treatmentID) VALUES (30,271,4);
INSERT INTO stafftreatment (stafftreatmentID,staffID,treatmentID) VALUES (31,218,4);
INSERT INTO stafftreatment (stafftreatmentID,staffID,treatmentID) VALUES (32,262,3);
INSERT INTO stafftreatment (stafftreatmentID,staffID,treatmentID) VALUES (33,263,2);
INSERT INTO stafftreatment (stafftreatmentID,staffID,treatmentID) VALUES (34,234,3);
INSERT INTO stafftreatment (stafftreatmentID,staffID,treatmentID) VALUES (35,296,2);
INSERT INTO stafftreatment (stafftreatmentID,staffID,treatmentID) VALUES (36,216,1);
INSERT INTO stafftreatment (stafftreatmentID,staffID,treatmentID) VALUES (37,214,4);
INSERT INTO stafftreatment (stafftreatmentID,staffID,treatmentID) VALUES (38,263,1);
INSERT INTO stafftreatment (stafftreatmentID,staffID,treatmentID) VALUES (39,217,1);
INSERT INTO stafftreatment (stafftreatmentID,staffID,treatmentID) VALUES (40,227,4);
INSERT INTO stafftreatment (stafftreatmentID,staffID,treatmentID) VALUES (41,294,1);
INSERT INTO stafftreatment (stafftreatmentID,staffID,treatmentID) VALUES (42,281,4);
INSERT INTO stafftreatment (stafftreatmentID,staffID,treatmentID) VALUES (43,204,2);
INSERT INTO stafftreatment (stafftreatmentID,staffID,treatmentID) VALUES (44,275,3);
INSERT INTO stafftreatment (stafftreatmentID,staffID,treatmentID) VALUES (45,254,4);
INSERT INTO stafftreatment (stafftreatmentID,staffID,treatmentID) VALUES (46,237,5);
INSERT INTO stafftreatment (stafftreatmentID,staffID,treatmentID) VALUES (47,256,2);
INSERT INTO stafftreatment (stafftreatmentID,staffID,treatmentID) VALUES (48,219,3);
INSERT INTO stafftreatment (stafftreatmentID,staffID,treatmentID) VALUES (49,211,5);
INSERT INTO stafftreatment (stafftreatmentID,staffID,treatmentID) VALUES (50,262,4);
INSERT INTO stafftreatment (stafftreatmentID,staffID,treatmentID) VALUES (51,223,1);
INSERT INTO stafftreatment (stafftreatmentID,staffID,treatmentID) VALUES (52,221,1);
INSERT INTO stafftreatment (stafftreatmentID,staffID,treatmentID) VALUES (53,288,3);
INSERT INTO stafftreatment (stafftreatmentID,staffID,treatmentID) VALUES (54,285,2);
INSERT INTO stafftreatment (stafftreatmentID,staffID,treatmentID) VALUES (55,247,4);
INSERT INTO stafftreatment (stafftreatmentID,staffID,treatmentID) VALUES (56,216,3);
INSERT INTO stafftreatment (stafftreatmentID,staffID,treatmentID) VALUES (57,272,5);
INSERT INTO stafftreatment (stafftreatmentID,staffID,treatmentID) VALUES (58,256,5);
INSERT INTO stafftreatment (stafftreatmentID,staffID,treatmentID) VALUES (59,213,5);
INSERT INTO stafftreatment (stafftreatmentID,staffID,treatmentID) VALUES (60,215,4);
INSERT INTO stafftreatment (stafftreatmentID,staffID,treatmentID) VALUES (61,253,5);
INSERT INTO stafftreatment (stafftreatmentID,staffID,treatmentID) VALUES (62,266,3);
INSERT INTO stafftreatment (stafftreatmentID,staffID,treatmentID) VALUES (63,208,1);
INSERT INTO stafftreatment (stafftreatmentID,staffID,treatmentID) VALUES (64,222,3);
INSERT INTO stafftreatment (stafftreatmentID,staffID,treatmentID) VALUES (65,261,2);
INSERT INTO stafftreatment (stafftreatmentID,staffID,treatmentID) VALUES (66,296,4);
INSERT INTO stafftreatment (stafftreatmentID,staffID,treatmentID) VALUES (67,282,1);
INSERT INTO stafftreatment (stafftreatmentID,staffID,treatmentID) VALUES (68,283,3);
INSERT INTO stafftreatment (stafftreatmentID,staffID,treatmentID) VALUES (69,217,4);
INSERT INTO stafftreatment (stafftreatmentID,staffID,treatmentID) VALUES (70,257,4);
INSERT INTO stafftreatment (stafftreatmentID,staffID,treatmentID) VALUES (71,292,2);
INSERT INTO stafftreatment (stafftreatmentID,staffID,treatmentID) VALUES (72,215,1);
INSERT INTO stafftreatment (stafftreatmentID,staffID,treatmentID) VALUES (73,277,2);
INSERT INTO stafftreatment (stafftreatmentID,staffID,treatmentID) VALUES (74,252,1);
INSERT INTO stafftreatment (stafftreatmentID,staffID,treatmentID) VALUES (75,284,5);
INSERT INTO stafftreatment (stafftreatmentID,staffID,treatmentID) VALUES (76,200,2);
INSERT INTO stafftreatment (stafftreatmentID,staffID,treatmentID) VALUES (77,227,2);
INSERT INTO stafftreatment (stafftreatmentID,staffID,treatmentID) VALUES (78,281,3);
INSERT INTO stafftreatment (stafftreatmentID,staffID,treatmentID) VALUES (79,254,3);
INSERT INTO stafftreatment (stafftreatmentID,staffID,treatmentID) VALUES (80,217,5);
INSERT INTO stafftreatment (stafftreatmentID,staffID,treatmentID) VALUES (81,268,1);
INSERT INTO stafftreatment (stafftreatmentID,staffID,treatmentID) VALUES (82,286,3);
INSERT INTO stafftreatment (stafftreatmentID,staffID,treatmentID) VALUES (83,285,3);
INSERT INTO stafftreatment (stafftreatmentID,staffID,treatmentID) VALUES (84,200,5);
INSERT INTO stafftreatment (stafftreatmentID,staffID,treatmentID) VALUES (85,211,2);
INSERT INTO stafftreatment (stafftreatmentID,staffID,treatmentID) VALUES (86,222,5);
INSERT INTO stafftreatment (stafftreatmentID,staffID,treatmentID) VALUES (87,281,5);
INSERT INTO stafftreatment (stafftreatmentID,staffID,treatmentID) VALUES (88,272,5);
INSERT INTO stafftreatment (stafftreatmentID,staffID,treatmentID) VALUES (89,231,4);
INSERT INTO stafftreatment (stafftreatmentID,staffID,treatmentID) VALUES (90,236,5);
INSERT INTO stafftreatment (stafftreatmentID,staffID,treatmentID) VALUES (91,217,1);
INSERT INTO stafftreatment (stafftreatmentID,staffID,treatmentID) VALUES (92,290,4);
INSERT INTO stafftreatment (stafftreatmentID,staffID,treatmentID) VALUES (93,292,4);
INSERT INTO stafftreatment (stafftreatmentID,staffID,treatmentID) VALUES (94,275,5);
INSERT INTO stafftreatment (stafftreatmentID,staffID,treatmentID) VALUES (95,257,4);
INSERT INTO stafftreatment (stafftreatmentID,staffID,treatmentID) VALUES (96,226,5);
INSERT INTO stafftreatment (stafftreatmentID,staffID,treatmentID) VALUES (97,248,2);
INSERT INTO stafftreatment (stafftreatmentID,staffID,treatmentID) VALUES (98,227,3);
INSERT INTO stafftreatment (stafftreatmentID,staffID,treatmentID) VALUES (99,223,4);
INSERT INTO stafftreatment (stafftreatmentID,staffID,treatmentID) VALUES (100,215,1);

COMMIT;
 